        {
            "bgmfile": {
                "fileType": "video",
                "index": 6,
                "order": 106,
                "text": "BGM File (Refresh to Apply)",
                "type": "folderDropdown",
                "folder": "audio",
                "value": ""
            },
            "bgmvolume": {
                "fraction": false,
                "index": 7,
                "max": 100,
                "min": 0,
                "order": 107,
                "text": "BGM Volume",
                "type": "slider",
                "value": 10
            },
            "headpatting": {
                "condition": "mouseactions.value == true",
                "index": 4,
                "order": 104,
                "text": "Headpatting",
                "type": "checkbox",
                "value": true
            },
            "introanimation": {
                "index": 2,
                "order": 102,
                "text": "Intro Animation",
                "type": "checkbox",
                "value": true
            },
            "mouseactions": {
                "index": 3,
                "order": 103,
                "text": "Show Mouse Actions",
                "type": "checkbox",
                "value": false
            },
            "mousetracking": {
                "condition": "mouseactions.value == true",
                "index": 5,
                "order": 105,
                "text": "Mouse Tracking",
                "type": "checkbox",
                "value": true
            },
            "scale": {
                "fraction": true,
                "index": 0,
                "max": 2,
                "min": 0.8,
                "order": 100,
                "precision": 2,
                "step": 0.1,
                "text": "Scale",
                "type": "slider",
                "value": 1
            },
            "schemecolor": {
                "order": 0,
                "text": "ui_browse_properties_scheme_color",
                "type": "color",
                "value": "0 0 0"
            },
            "targetfps": {
                "fraction": false,
                "index": 1,
                "max": 144,
                "min": 30,
                "order": 101,
                "text": "Target FPS",
                "type": "slider",
                "value": 60
            }
        }